
--CREATE DATABASE ASSIGNMENT2;
USE ASSIGNMENT2;
DROP TABLE IF EXISTS ASSIGNMENT;
DROP TABLE IF EXISTS PROJECT;
DROP TABLE IF EXISTS EMPLOYEE;
DROP TABLE IF EXISTS JOB;
--TASK 1 TABLE CREATION
CREATE TABLE JOB(
JOB_CODE INT PRIMARY KEY,
JOB_DESCRIPTION VARCHAR(50) NOT NULL,
JOB_CHG_HOUR NUMERIC(6,2) NOT NULL,
JOB_LAST_UPDATE DATE NOT NULL
);
CREATE TABLE EMPLOYEE(
EMP_NUM INT PRIMARY KEY,
EMP_LNAME VARCHAR(30) NOT NULL,
EMP_FNAME VARCHAR(30) NOT NULL,
EMP_INITIAL CHAR(1) NULL,
EMP_HIREDATE DATE NOT NULL,
JOB_CODE INT NOT NULL,

FOREIGN KEY (JOB_CODE) 
REFERENCES JOB(JOB_CODE)
);
CREATE TABLE PROJECT(
PROJ_NUM INT PRIMARY KEY,
PROJ_NAME VARCHAR(50) NOT NULL,
PROJ_VALUE NUMERIC(12,2) NOT NULL,
PROJ_BALANCE NUMERIC(12,2) NOT NULL,
EMP_NUM INT NOT NULL,

FOREIGN KEY (EMP_NUM)
REFERENCES EMPLOYEE(EMP_NUM)
);
CREATE TABLE ASSIGNMENT(
ASSIGN_NUM INT PRIMARY KEY,
ASSIGN_DATE DATE NOT NULL,
PROJ_NUM INT NOT NULL,
EMP_NUM INT NOT NULL,
ASSIGN_JOB INT NOT NULL,
ASSIGN_CHG_HR NUMERIC(6,2) NOT NULL,
ASSIGN_HOURS NUMERIC(5,1) NOT NULL,
ASSIGN_CHARGE NUMERIC(8,2) NOT NULL,

FOREIGN KEY (PROJ_NUM)
REFERENCES PROJECT(PROJ_NUM),

FOREIGN KEY (EMP_NUM)
REFERENCES EMPLOYEE(EMP_NUM),

FOREIGN KEY (ASSIGN_JOB)
REFERENCES JOB(JOB_CODE)
);

SELECT * FROM INFORMATION_SCHEMA.TABLES;

-- TASK 3: INSERT DATA
INSERT INTO JOB VALUES
(500,'Programmer',35.75,'2017-11-20'),
(501,'Systems Analyst',96.75,'2017-11-20'),
(502,'Database Designer',125.00,'2018-03-21'),
(503,'Electrical Engineer',84.50,'2017-11-20'),
(504,'Mechanical Engineer',67.90,'2017-11-20'),
(505,'Civil Engineer',55.78,'2017-11-20'),
(506,'Clerical Support',26.87,'2017-11-20'),
(507,'DSS Analyst',45.95,'2017-11-20'),
(508,'Applications Designer',48.10,'2018-03-21'),
(509,'Bio Technician',34.55,'2017-11-20'),
(510,'General Support',18.36,'2017-11-20');
INSERT INTO EMPLOYEE VALUES
(101,'News','John','G','2000-11-08',502),
(102,'Senior','David','H','1989-07-12',501),
(103,'Arbough','June','E','1996-12-01',500),
(104,'Ramoras','Anne','K','1987-11-15',501),
(105,'Johnston','Alice','K','1993-02-01',502),
(106,'Smithfield','William',NULL,'2004-06-22',500),
(107,'Alonzo','Maria','D','1993-10-10',500),
(108,'Washington','Ralph','B','1991-08-22',501),
(109,'Smith','Larry','W','1997-07-18',501),
(110,'Olenko','Gerald','A','1995-12-11',505),
(111,'Wabash','Geoff','B','1991-04-04',506),
(112,'Smithson','Darlene','M','1994-10-23',507),
(113,'Joenbrood','Delbert','K','1996-11-15',508),
(114,'Jones','Annelise',NULL,'1993-08-20',508),
(115,'Bawangi','Travis','B','1992-01-25',501),
(116,'Pratt','Gerald','L','1997-03-05',510),
(117,'Williamson','Angie','H','1996-06-19',509),
(118,'Frommer','James','J','2005-01-04',510);
INSERT INTO EMPLOYEE VALUES
(119,'Ahluwalia','Angad','A','2024-01-01',500);

INSERT INTO PROJECT VALUES
(15,'Evergreen',1453500.00,1002350.00,103),
(18,'Amber Wave',3500500.00,2110346.00,108),
(22,'Rolling Tide',805000.00,500345.20,102),
(25,'Star flight',2650500.00,2309880.00,107);
INSERT INTO ASSIGNMENT VALUES
(1001,'2018-03-22',18,103,500,35.75,3.5,125.13),
(1002,'2018-03-22',22,117,509,34.55,4.2,145.11),
(1003,'2018-03-23',18,117,509,34.55,2.0,69.10),
(1004,'2018-03-23',18,103,500,35.75,5.9,210.93),
(1005,'2018-03-23',25,108,501,96.75,2.2,212.85),
(1006,'2018-03-23',22,104,501,96.75,4.2,406.35),
(1007,'2018-03-23',25,113,508,48.10,3.8,182.78),
(1008,'2018-03-24',18,103,500,35.75,0.9,32.18),
(1009,'2018-03-24',15,115,501,96.75,5.6,541.80),
(1010,'2018-03-24',15,117,509,34.55,2.4,82.92),
(1011,'2018-03-24',25,105,502,125.00,4.3,537.50),
(1012,'2018-03-24',18,108,501,96.75,3.4,328.95),
(1013,'2018-03-25',25,115,501,96.75,2.0,193.50),
(1014,'2018-03-25',22,104,501,96.75,2.8,270.90),
(1015,'2018-03-25',15,103,500,35.75,6.1,218.08),
(1016,'2018-03-25',22,105,502,125.00,4.7,587.50),
(1017,'2018-03-25',18,117,509,34.55,3.8,131.29),
(1018,'2018-03-26',25,117,509,34.55,2.2,76.01),
(1019,'2018-03-26',25,104,501,96.75,4.9,474.08),
(1020,'2018-03-26',15,101,502,125.00,3.1,387.50),
(1021,'2018-03-26',22,108,501,96.75,2.7,261.23),
(1022,'2018-03-26',22,115,501,96.75,4.9,474.08),
(1023,'2018-03-26',22,105,502,125.00,3.5,437.50),
(1024,'2018-03-26',15,103,500,35.75,3.3,117.98),
(1025,'2018-03-27',18,117,509,34.55,4.2,145.11);
INSERT INTO ASSIGNMENT VALUES
(2001,'2026-03-13',15,119,500,35.75,4.0,143.00);

SELECT * FROM EMPLOYEE WHERE EMP_NUM = 119;
SELECT * FROM ASSIGNMENT WHERE EMP_NUM = 119;
SELECT COUNT(*) FROM ASSIGNMENT;

-- TASK 4: SQL QUERIES
-- Query 1
SELECT *
FROM EMPLOYEE
WHERE EMP_HIREDATE < '1995-01-01';
-- Query 2
SELECT 
JOB.JOB_CODE,
JOB.JOB_DESCRIPTION,
EMPLOYEE.EMP_LNAME,
EMPLOYEE.EMP_FNAME
FROM JOB
JOIN EMPLOYEE 
ON JOB.JOB_CODE = EMPLOYEE.JOB_CODE

ORDER BY 
JOB.JOB_DESCRIPTION,
EMPLOYEE.EMP_LNAME;

-- Query 3
SELECT 
EMPLOYEE.EMP_FNAME,
EMPLOYEE.EMP_LNAME

FROM EMPLOYEE
JOIN ASSIGNMENT 
ON EMPLOYEE.EMP_NUM = ASSIGNMENT.EMP_NUM

JOIN PROJECT
ON ASSIGNMENT.PROJ_NUM = PROJECT.PROJ_NUM

WHERE PROJECT.PROJ_NAME = 'Evergreen';

-- Query 4
SELECT 
PROJECT.PROJ_NAME,

COUNT(DISTINCT ASSIGNMENT.EMP_NUM) AS NUM_EMPLOYEES,

SUM(ASSIGNMENT.ASSIGN_HOURS) AS TOTAL_HOURS,

SUM(ASSIGNMENT.ASSIGN_CHARGE) AS TOTAL_CHARGES

FROM PROJECT

JOIN ASSIGNMENT
ON PROJECT.PROJ_NUM = ASSIGNMENT.PROJ_NUM

GROUP BY PROJECT.PROJ_NAME

ORDER BY PROJECT.PROJ_NAME;

-- Query 5
SELECT 
EMPLOYEE.EMP_NUM,
EMPLOYEE.EMP_LNAME,
EMPLOYEE.EMP_FNAME,

COUNT(DISTINCT ASSIGNMENT.PROJ_NUM) AS NUM_PROJECTS

FROM EMPLOYEE

JOIN ASSIGNMENT
ON EMPLOYEE.EMP_NUM = ASSIGNMENT.EMP_NUM

GROUP BY 
EMPLOYEE.EMP_NUM,
EMPLOYEE.EMP_LNAME,
EMPLOYEE.EMP_FNAME

HAVING COUNT(DISTINCT ASSIGNMENT.PROJ_NUM) > 1;
